{
    "南沙街":[70398.2967422313,189235.49017439055],
    "黄阁镇":[63250.89566446091,195470.61726736973],
    "东涌镇":[56989.253974510764,202393.45402971018],
    "榄核镇":[45554.60919437535,197336.94822905547],
    "大岗镇":[51092.760214641086,193553.8856761311],
    "珠江街":[66123.76944332608,182113.54404544714],
    "龙穴街":[79570.18591949246,176257.50941671123],
    "横沥镇":[60302.30571691619,185520.2035771498],
    "万顷沙镇":[74045.32070294624,174365.08335024302]
}